{
  "mll": -4448.53933886485,
  "k_mll": 1000,
  "ess": 37.29106971942943,
  "ess_pct": 3.729106971942943,
  "log_weight_mean": -4453.534243269472,
  "log_weight_std": 6.653406918205634,
  "log_weight_min": -4483.406258320345,
  "log_weight_max": -4443.992110148384,
  "n_valid_samples": 1000,
  "note_topology_prior": "uniform p(tau) excluded (same as PhyloGFN/ARTree)",
  "note_initial_branches": "3 initial star branches fixed by JC MLE \u2014 prior included in log_p_b but not in log_q, making MLL conservative."
}