{
  "mll": -7002.568021440444,
  "k_mll": 1000,
  "ess": 1.7532994586162107,
  "ess_pct": 0.17532994586162107,
  "log_weight_mean": -7073.168449341195,
  "log_weight_std": 71.00067963184775,
  "log_weight_min": -8250.767385417586,
  "log_weight_max": -6995.977587449486,
  "n_valid_samples": 1000,
  "note_topology_prior": "uniform p(tau) excluded (same as PhyloGFN/ARTree)",
  "note_initial_branches": "3 initial star branches fixed by JC MLE \u2014 prior included in log_p_b but not in log_q, making MLL conservative."
}