{
  "mll": -4291.011218967264,
  "k_mll": 1000,
  "ess": 1.0547001926695379,
  "ess_pct": 0.10547001926695379,
  "log_weight_mean": -4421.0670718611555,
  "log_weight_std": 89.48422130411164,
  "log_weight_min": -5059.937491439167,
  "log_weight_max": -4284.130338161563,
  "n_valid_samples": 1000,
  "note_topology_prior": "uniform p(tau) excluded (same as PhyloGFN/ARTree)",
  "note_initial_branches": "3 initial star branches fixed by JC MLE \u2014 prior included in log_p_b but not in log_q, making MLL conservative."
}